,key,value,name
0,,,breee
1,Jan 31 00:44:34,,ac
2,Jan 31 01:00:50,,blossom
3,Jan 31 01:29:16,,rr.robinson
4,Jan 31 01:33:12,,mcintosh
5,Jan 31 01:43:10,,jackowens
6,Jan 31 01:49:29,,mdouglas
7,Jan 31 02:30:04,,oren
8,Jan 31 02:55:31,,xlg
9,Jan 31 03:05:35,,ahmed.miller
10,Jan 31 03:08:55,,blossom
11,Jan 31 03:39:27,,bpacheco
12,Jan 31 03:47:24,,enim.non
13,Jan 31 04:30:04,,rr.robinson
14,Jan 31 04:31:49,,oren
15,Jan 31 04:32:49,,mcintosh
16,Jan 31 04:44:23,,ahmed.miller
17,Jan 31 04:44:46,,jackowens
18,Jan 31 04:49:28,,flavia
19,Jan 31 05:12:39,,oren
20,Jan 31 05:18:45,,sri
21,Jan 31 05:23:14,,breee
22,Jan 31 05:35:00,,nonummy
23,Jan 31 05:45:30,,noel
24,Jan 31 05:51:30,,flavia
25,Jan 31 05:57:46,,nonummy
26,Jan 31 06:12:02,,oren
27,Jan 31 06:26:38,,xlg
28,Jan 31 06:32:26,,ahmed.miller
29,Jan 31 06:36:25,,flavia
30,Jan 31 06:57:00,,jackowens
31,Jan 31 06:59:57,,oren
32,Jan 31 07:59:56,,flavia
33,Jan 31 08:01:40,,jackowens
34,Jan 31 08:03:19,,britanni
35,Jan 31 08:22:37,,mcintosh
36,Jan 31 08:28:07,,montanap
37,Jan 31 08:49:15,,britanni
38,Jan 31 08:50:50,,montanap
39,Jan 31 09:04:27,,noel
40,Jan 31 09:15:41,,oren
41,Jan 31 09:18:47,,mdouglas
42,Jan 31 09:28:18,,jackowens
43,Jan 31 09:41:16,,ac
44,Jan 31 10:11:35,,blossom
45,Jan 31 10:21:36,,montanap
46,Jan 31 11:04:02,,breee
47,Jan 31 11:19:37,,sri
48,Jan 31 11:22:06,,montanap
49,Jan 31 11:31:34,,ahmed.miller
50,Jan 31 11:40:25,,mai.hendrix
51,Jan 31 11:47:07,,ac
52,Jan 31 11:58:33,,ahmed.miller
53,Jan 31 12:00:17,,kirknixon
54,Jan 31 12:02:49,,mai.hendrix
55,Jan 31 12:20:23,,kirknixon
56,Jan 31 12:20:40,,flavia
57,Jan 31 12:24:32,,sri
58,Jan 31 12:50:10,,blossom
59,Jan 31 12:58:16,,nonummy
60,Jan 31 13:08:10,,rr.robinson
61,Jan 31 13:48:45,,breee
62,Jan 31 14:13:00,,noel
63,Jan 31 14:38:50,,enim.non
64,Jan 31 14:41:18,,xlg
65,Jan 31 14:45:55,,noel
66,Jan 31 14:50:41,,noel
67,Jan 31 14:56:35,,noel
68,Jan 31 15:27:53,,blossom
69,Jan 31 15:28:15,,enim.non
70,Jan 31 15:44:25,,enim.non
71,Jan 31 16:17:20,,noel
72,Jan 31 16:19:40,,mdouglas
73,Jan 31 16:24:31,,ac
74,Jan 31 16:35:46,,oren
75,Jan 31 16:53:54,,mcintosh
76,Jan 31 16:54:18,,bpacheco
77,Jan 31 17:15:47,,mcintosh
78,Jan 31 17:29:11,,oren
79,Jan 31 17:51:52,,mcintosh
80,Jan 31 18:09:17,,noel
81,Jan 31 18:43:01,,nonummy
82,Jan 31 19:00:23,,blossom
83,Jan 31 19:20:22,,mai.hendrix
84,Jan 31 19:59:06,,enim.non
85,Jan 31 20:02:41,,xlg
86,Jan 31 20:21:55,,ahmed.miller
87,Jan 31 20:28:26,,breee
88,Jan 31 20:35:17,,nonummy
89,Jan 31 20:48:02,,mdouglas
90,Jan 31 20:56:58,,oren
91,Jan 31 21:00:23,,sri
92,Jan 31 21:02:06,,breee
93,Jan 31 21:20:33,,kirknixon
94,Jan 31 21:29:24,,blossom
95,Jan 31 22:58:55,,jackowens
96,Jan 31 23:25:18,,blossom
97,Jan 31 23:35:40,,mcintosh
