,0
0,Cult Movies
1,m
2,H
3,Children & Family Movies
4,r
5,L
6,p
7,n
8,Movies
9,l
10,s
11, 
12,i
13,Documentaries
14,Thrillers
15,a
16,M
17,u
18,Sci-Fi & Fantasy
19,U
20,Q
21,Dramas
22,v
23,B
24,-
25,&
26,Action & Adventure
27,o
28,y
29,d
30,Anime Features
31,LGBTQ Movies
32,I
33,S
34,R
35,F
36,Music & Musicals
37,c
38,Classic Movies
39,Horror Movies
40,T
41,Independent Movies
42,D
43,Sports Movies
44,","
45,e
46,Faith & Spirituality
47,G
48,Comedies
49,t
50,A
51,Stand-Up Comedy
52,International Movies
53,h
54,C
55,Romantic Movies
